<?xml version="1.0" encoding="UTF-8"?><metadata>
    <idinfo>
        <citation>
            <citeinfo>
                <title>CA_ZCTA_2020</title>
                <geoform>vector digital data</geoform>
            </citeinfo>
        </citation>
        <descript>
            <abstract>ZIP Code Tabulation Areas (ZCTAs)ZIP Code Tabulation Areas (ZCTAs) are generalized areal representations of United States Postal Service (USPS) ZIP Code service areas.The USPS ZIP Codes identify the individual post office or metropolitan area delivery station associated with mailing addresses. USPS ZIP Codes are not areal features but a collection of mail delivery routes.The term ZCTA was created to differentiate between this entity and true USPS ZIP Codes.  ZCTA is a trademark of the U.S. Census Bureau; ZIP Code is a trademark of the U.S. Postal Service.How ZCTAs are CreatedThe Census Bureau first examined all of the addresses within each census block to define the list of ZIP Codes by block. Next, the most frequently occurring ZIP Code within each block was assigned to the entire census block as a preliminary ZCTA code. After all of the census blocks with addresses were assigned a preliminary ZCTA code, blocks were aggregated by code to create larger areas.The Census Bureau assigned blocks that contained addresses, but did not have a single most frequently occurring ZIP Code to the ZCTA with which the blocks had the longest shared boundary.If the area of an unassigned enclave was less than two square miles, it was assigned to the surrounding ZCTA. The Census Bureau used block group boundaries to identify and group unassigned blocks. These unassigned blocks were merged into an adjacent ZCTA based on the length of shared boundary.For the Census 2000 ZCTAs the Census Bureau created ZCTAs that ended in &amp;quot;XX&amp;quot; to represent large areas of land without ZIP Codes or &amp;quot;HH&amp;quot; to represent large areas of water without ZIP Codes. For the 2010 Census, large water bodies and large unpopulated land areas do not have ZCTAs.ZCTAs were created using residential and nonresidential ZIP Codes that are available in the Census Bureau’s MAF/TIGER database. ZIP Codes assigned to businesses only or single delivery point address will not necessarily appear as ZCTAs.In most instances the ZCTA code is the same as the ZIP Code for an area.In creating ZCTAs, the Census Bureau took the most frequently occurring ZIP Code in an area for the ZCTA code. Some addresses will end up with a ZCTA code different from their ZIP Code.Some ZIP Codes represent very few addresses (sometimes only one) and therefore will not appear in the ZCTA universe.Key Differences between Census 2000 and 2010 Census ZCTAsCensus 2000Includes the U.S. and Puerto RicoCover the full extent of the nation - &amp;quot;wall-to-wall&amp;quot; coverage3-digit and 5-digit ZCTA's available&amp;quot;XX&amp;quot; suffix used to represent large land areas such as national parks&amp;quot;HH&amp;quot; suffix used to represent large water bodies2010 CensusIncludes the U.S., Puerto Rico, and the Island AreasDo not cover the full extent of the nation - &amp;quot;holes&amp;quot; exist5-digit ZCTA's only&amp;quot;XX&amp;quot; retired - Large land areas such as national parks do not have ZCTA coverage&amp;quot;HH&amp;quot; retired - Large water bodies do not have ZCTA coverage</abstract>
            <purpose>California ZIP Code Tabulation Areas 2020.  ZIP Code Tabulation Areas (ZCTAs) are generalized areal representations of United States Postal Service (USPS) ZIP Code service areas.</purpose>
        </descript>
        <keywords>
            <theme>
                <themekt>None</themekt>
                <themekey>California</themekey>
                <themekey>ZIP Codes</themekey>
                <themekey>2020</themekey>
                <themekey>Census 2020</themekey>
                <themekey>Demographics</themekey>
            </theme>
        </keywords>
        <accconst>None</accconst>
        <useconst>Public UseThis product is for use by Cal OES personnel and supporting partners to conduct emergency management operations. The information contained herein has been compiled from various local, state, and federal agencies. This information is constantly changing, and Cal OES does not verify or certify the information contained herein.Census Terms of Service.</useconst>
        <datacred>United States Census</datacred>
        <native>Esri ArcGIS 12.8.0.29751</native>
    </idinfo>
    <spdoinfo>
        <direct>Vector</direct>
        <ptvctinf>
            <sdtsterm>
                <sdtstype>GT-polygon composed of chains</sdtstype>
                <ptvctcnt>0</ptvctcnt>
            </sdtsterm>
        </ptvctinf>
    </spdoinfo>
    <eainfo>
        <detailed>
            <enttyp>
                <enttypl>CA_ZCTA_2020</enttypl>
            </enttyp>
            <attr>
                <attrlabl>FID</attrlabl>
                <attrdef>Internal feature number.</attrdef>
                <attrdefs>Esri</attrdefs>
                <attrdomv>
                                        
                    <udom>Sequential unique whole numbers that are automatically generated.</udom>
                                    
                </attrdomv>
            </attr>
            <attr>
                <attrlabl>Shape</attrlabl>
                <attrdef>Feature geometry.</attrdef>
                <attrdefs>Esri</attrdefs>
                <attrdomv>
                                        
                    <udom>Coordinates defining the features.</udom>
                                    
                </attrdomv>
            </attr>
            <attr>
                <attrlabl>ZCTA5CE20</attrlabl>
            </attr>
            <attr>
                <attrlabl>GEOID20</attrlabl>
            </attr>
            <attr>
                <attrlabl>CLASSFP20</attrlabl>
            </attr>
            <attr>
                <attrlabl>MTFCC20</attrlabl>
            </attr>
            <attr>
                <attrlabl>FUNCSTAT20</attrlabl>
            </attr>
            <attr>
                <attrlabl>ALAND20</attrlabl>
            </attr>
            <attr>
                <attrlabl>AWATER20</attrlabl>
            </attr>
            <attr>
                <attrlabl>INTPTLAT20</attrlabl>
            </attr>
            <attr>
                <attrlabl>INTPTLON20</attrlabl>
            </attr>
        </detailed>
    </eainfo>
    <metainfo>
        <metd>20210820</metd>
        <metstdn>FGDC Content Standard for Digital Geospatial Metadata</metstdn>
        <metstdv>FGDC-STD-001-1998</metstdv>
        <mettc>local time</mettc>
    </metainfo>
</metadata>
